filename,width,height,class,xmin,ymin,xmax,ymax
dwight (43).jpg,191,263,Dwight Schrute,48,9,135,111
dwight (9).jpg,225,225,Dwight Schrute,29,6,186,194
pam (53).jpg,348,145,Pam Beasley,79,3,189,127
michael (34).jpg,248,203,Michael Scott,89,16,188,140
dwight (14).jpg,220,204,Dwight Schrute,105,1,193,103
jim (42).jpg,225,225,Jim Halpert,53,18,184,196
ryan (38).jpg,300,168,Ryan Howard,159,9,240,115
michael (63).jpg,299,169,Michael Scott,36,8,150,128
jim (54).jpg,275,183,Jim Halpert,152,24,234,110
pam (12).jpg,259,194,Pam Beasley,79,13,167,121
dwight (55).jpg,218,231,Dwight Schrute,43,12,155,150
pam (45).jpg,295,171,Pam Beasley,68,16,153,129
ryan (96).jpg,213,237,Ryan Howard,115,54,135,76
ryan (96).jpg,213,237,Jim Halpert,60,90,83,116
ryan (96).jpg,213,237,Dwight Schrute,45,47,61,63
ryan (96).jpg,213,237,Pam Beasley,81,25,97,40
ryan (96).jpg,213,237,Michael Scott,164,41,186,62
ryan (79).jpg,229,220,Ryan Howard,36,6,180,162
michael (22).jpg,331,152,Michael Scott,191,3,286,119
jim (97).jpg,300,168,Jim Halpert,139,12,217,109
michael (59).jpg,255,197,Michael Scott,53,26,200,185
jim (78).jpg,299,168,Jim Halpert,138,7,238,118
dwight (96).jpg,414,122,Dwight Schrute,119,1,266,122
dwight (79).jpg,225,225,Dwight Schrute,64,29,162,148
pam (86).jpg,299,168,Pam Beasley,73,18,152,114
ryan (55).jpg,326,155,Ryan Howard,163,10,268,128
pam (69).jpg,296,170,Pam Beasley,53,7,133,103
ryan (43).jpg,298,169,Ryan Howard,79,12,158,116
michael (18).jpg,225,225,Michael Scott,45,14,176,174
pam (90).jpg,194,259,Pam Beasley,32,65,135,180
michael (3).jpg,300,168,Michael Scott,112,5,229,145
jim (39).jpg,194,259,Jim Halpert,52,25,164,163
dwight (38).jpg,297,170,Dwight Schrute,160,10,226,97
jim (81).jpg,295,171,Jim Halpert,164,10,247,109
ryan (14).jpg,201,251,Ryan Howard,44,19,142,140
pam (28).jpg,194,259,Pam Beasley,39,80,155,213
dwight (5).jpg,270,187,Dwight Schrute,95,12,188,131
jim (19).jpg,225,225,Jim Halpert,62,20,161,134
ryan (63).jpg,334,151,Ryan Howard,24,7,104,94
ryan (63).jpg,334,151,Ryan Howard,199,7,282,114
michael (38).jpg,300,168,Michael Scott,148,20,207,89
michael (80).jpg,229,220,Michael Scott,122,10,183,82
ryan (34).jpg,225,224,Ryan Howard,1,7,82,137
dwight (18).jpg,263,192,Dwight Schrute,148,2,230,114
ryan (3).jpg,203,248,Ryan Howard,44,11,166,196
michael (96).jpg,299,168,Michael Scott,155,6,230,104
jim (58).jpg,287,176,Jim Halpert,137,4,262,140
ryan (22).jpg,301,167,Ryan Howard,124,5,223,114
jim (6).jpg,303,166,Jim Halpert,60,10,151,117
michael (79).jpg,315,160,Michael Scott,132,6,220,116
pam (49).jpg,301,167,Pam Beasley,18,16,84,94
ryan (75).jpg,301,167,Ryan Howard,128,12,198,84
dwight (59).jpg,305,165,Dwight Schrute,86,6,157,88
michael (55).jpg,284,177,Michael Scott,158,14,240,103
jim (74).jpg,225,225,Jim Halpert,37,4,192,225
pam (32).jpg,300,168,Pam Beasley,88,8,168,98
dwight (22).jpg,300,168,Dwight Schrute,79,6,175,113
ryan (59).jpg,228,221,Ryan Howard,61,8,152,109
pam (65).jpg,259,194,Jim Halpert,113,15,187,86
pam (65).jpg,259,194,Pam Beasley,25,78,86,139
jim (23).jpg,300,168,Jim Halpert,161,9,218,83
dwight (75).jpg,318,159,Dwight Schrute,171,7,240,90
michael (14).jpg,310,163,Michael Scott,50,7,151,130
jim (35).jpg,200,200,Jim Halpert,85,11,186,130
dwight (63).jpg,214,236,Dwight Schrute,92,47,146,118
ryan (18).jpg,312,161,Ryan Howard,173,10,257,130
michael (43).jpg,324,155,Michael Scott,165,4,248,103
pam (24).jpg,302,167,Pam Beasley,161,5,240,101
jim (62).jpg,220,220,Jim Halpert,61,8,167,143
dwight (34).jpg,238,205,Dwight Schrute,101,11,188,116
pam (7).jpg,201,251,Pam Beasley,53,22,155,134
dwight (35).jpg,247,204,Dwight Schrute,77,14,206,168
pam (6).jpg,225,225,Pam Beasley,41,10,158,163
ryan (19).jpg,259,194,Ryan Howard,101,30,162,98
michael (42).jpg,294,171,Michael Scott,136,11,251,150
pam (25).jpg,260,194,Pam Beasley,128,16,208,100
jim (63).jpg,299,168,Jim Halpert,100,12,196,129
dwight (62).jpg,299,168,Dwight Schrute,71,6,169,107
michael (15).jpg,194,259,Michael Scott,58,4,135,81
jim (34).jpg,259,194,Jim Halpert,131,23,244,150
pam (72).jpg,277,182,Pam Beasley,130,11,201,90
dwight (74).jpg,225,225,Dwight Schrute,64,12,163,131
ryan (58).jpg,236,171,Ryan Howard,32,8,134,132
pam (64).jpg,275,183,Pam Beasley,150,40,207,101
pam (64).jpg,275,183,Jim Halpert,56,7,122,88
jim (22).jpg,275,183,Jim Halpert,91,7,178,112
dwight (23).jpg,284,177,Dwight Schrute,87,16,191,131
michael (54).jpg,213,236,Michael Scott,56,14,182,168
jim (75).jpg,220,220,Jim Halpert,62,36,158,167
pam (33).jpg,300,168,Pam Beasley,126,16,216,119
dwight (58).jpg,299,169,Dwight Schrute,106,8,187,122
pam (48).jpg,300,168,Pam Beasley,89,34,139,93
ryan (74).jpg,225,225,Ryan Howard,78,23,158,117
michael (97).jpg,300,168,Michael Scott,137,5,252,138
jim (59).jpg,225,225,Jim Halpert,73,18,176,147
jim (7).jpg,277,182,Jim Halpert,47,12,140,117
ryan (23).jpg,300,168,Ryan Howard,141,14,223,112
michael (78).jpg,300,168,Michael Scott,175,92,228,150
dwight (19).jpg,268,188,Dwight Schrute,80,6,172,127
ryan (2).jpg,200,251,Ryan Howard,38,7,168,191
michael (81).jpg,198,255,Michael Scott,35,26,151,176
ryan (35).jpg,220,220,Ryan Howard,43,12,159,148
dwight (4).jpg,210,240,Dwight Schrute,14,2,187,224
jim (18).jpg,301,167,Jim Halpert,93,13,154,80
ryan (62).jpg,225,225,Ryan Howard,109,4,190,86
michael (39).jpg,297,170,Michael Scott,179,14,255,113
ryan (15).jpg,295,171,Ryan Howard,51,8,138,121
jim (80).jpg,300,168,Jim Halpert,81,23,172,128
pam (29).jpg,300,168,Pam Beasley,168,11,248,94
dwight (39).jpg,259,194,Dwight Schrute,63,17,177,165
ryan (42).jpg,237,213,Ryan Howard,68,6,165,129
michael (19).jpg,286,176,Michael Scott,123,2,229,127
pam (91).jpg,300,168,Pam Beasley,63,16,148,136
michael (2).jpg,194,259,Michael Scott,50,20,109,90
jim (38).jpg,277,182,Jim Halpert,143,7,271,167
dwight (81).jpg,300,168,Dwight Schrute,194,2,300,105
pam (87).jpg,288,175,Pam Beasley,137,16,211,80
ryan (54).jpg,276,182,Ryan Howard,49,20,89,62
pam (68).jpg,275,183,Pam Beasley,90,12,173,88
dwight (97).jpg,300,168,Dwight Schrute,159,16,241,116
dwight (78).jpg,300,168,Dwight Schrute,87,9,181,107
jim (96).jpg,318,158,Jim Halpert,160,7,259,128
michael (58).jpg,205,246,Michael Scott,62,42,146,146
jim (79).jpg,300,168,Jim Halpert,137,14,217,113
pam (44).jpg,215,235,Pam Beasley,67,19,137,108
ryan (97).jpg,213,237,Ryan Howard,111,5,167,66
ryan (97).jpg,213,237,Ryan Howard,116,122,165,182
michael (23).jpg,225,225,Michael Scott,69,3,200,164
dwight (54).jpg,297,170,Dwight Schrute,83,1,199,101
jim (55).jpg,299,168,Jim Halpert,131,16,208,92
pam (13).jpg,299,168,Pam Beasley,75,26,154,106
michael (74).jpg,355,142,Michael Scott,208,2,299,99
jim (43).jpg,183,275,Jim Halpert,56,32,123,107
ryan.jpg,194,260,Ryan Howard,79,29,129,91
ryan (39).jpg,336,150,Ryan Howard,118,5,180,78
michael (62).jpg,244,207,Michael Scott,106,4,190,145
dwight (15).jpg,300,168,Dwight Schrute,175,2,277,122
ryan (81).jpg,245,180,Ryan Howard,72,10,149,100
jim (14).jpg,270,187,Jim Halpert,104,12,200,116
dwight (8).jpg,290,174,Dwight Schrute,67,10,150,101
pam (52).jpg,261,193,Pam Beasley,100,7,193,97
michael (35).jpg,309,163,Michael Scott,24,12,94,82
dwight (42).jpg,289,174,Dwight Schrute,128,5,289,167
dwight (3).jpg,300,163,Dwight Schrute,62,4,190,141
pam (59).jpg,355,142,Pam Beasley,65,16,131,87
ryan (65).jpg,217,232,Ryan Howard,44,19,186,210
dwight (49).jpg,299,168,Dwight Schrute,109,14,180,78
jim (48).jpg,309,163,Jim Halpert,63,7,183,119
michael (86).jpg,299,168,Michael Scott,86,5,209,134
michael (69).jpg,259,194,Michael Scott,140,2,247,125
ryan (32).jpg,299,168,Ryan Howard,184,12,261,116
ryan (5).jpg,225,225,Ryan Howard,64,11,148,120
michael (90).jpg,299,168,Michael Scott,140,4,200,76
pam (18).jpg,276,183,Pam Beasley,24,8,112,133
pam (18).jpg,276,183,Pam Beasley,168,12,265,143
michael (28).jpg,289,175,Michael Scott,184,6,270,112
ryan (73).jpg,202,249,Ryan Howard,103,127,143,191
michael (53).jpg,300,168,Michael Scott,172,88,232,157
pam (34).jpg,299,169,Pam Beasley,38,13,118,105
jim (72).jpg,225,225,Jim Halpert,36,4,183,202
dwight (24).jpg,305,165,Dwight Schrute,61,7,151,96
jim (25).jpg,213,213,Jim Halpert,52,4,169,149
pam (63).jpg,183,275,Pam Beasley,26,43,83,104
dwight (73).jpg,225,225,Dwight Schrute,1,7,81,143
michael (12).jpg,259,194,Michael Scott,89,23,168,113
ryan (49).jpg,302,167,Ryan Howard,153,27,233,116
pam (75).jpg,225,225,Pam Beasley,57,18,167,158
michael (9).jpg,276,183,Michael Scott,51,1,167,139
jim (33).jpg,295,171,Jim Halpert,68,4,138,83
dwight (65).jpg,295,171,Dwight Schrute,106,2,215,81
michael (45).jpg,212,238,Michael Scott,39,33,103,108
jim (64).jpg,275,183,Jim Halpert,172,21,236,93
pam (22).jpg,216,234,Pam Beasley,44,15,165,161
pam (1).jpg,300,168,Pam Beasley,103,5,173,87
dwight (32).jpg,299,168,Dwight Schrute,138,6,288,157
dwight (45).jpg,184,274,Dwight Schrute,80,9,135,67
pam (55).jpg,259,194,Pam Beasley,144,44,200,114
jim (13).jpg,299,169,Jim Halpert,59,9,157,116
ryan (86).jpg,290,174,Ryan Howard,142,3,242,113
michael (32).jpg,324,155,Michael Scott,133,3,212,84
ryan (69).jpg,336,150,Michael Scott,82,1,157,132
dwight (12).jpg,300,168,Dwight Schrute,100,4,195,106
ryan (9).jpg,304,166,Ryan Howard,42,9,121,102
jim (44).jpg,201,251,Jim Halpert,43,11,169,162
dwight.jpg,189,267,Dwight Schrute,47,20,147,143
michael (65).jpg,284,177,Michael Scott,160,95,216,149
pam (14).jpg,193,261,Pam Beasley,38,56,110,152
jim (52).jpg,301,167,Jim Halpert,175,18,250,90
jim (52).jpg,301,167,Dwight Schrute,59,15,125,94
ryan (28).jpg,243,208,Ryan Howard,48,22,111,93
dwight (53).jpg,203,248,Dwight Schrute,32,6,134,139
ryan (90).jpg,251,201,Ryan Howard,85,34,171,132
pam (43).jpg,278,181,Pam Beasley,131,11,196,89
michael (24).jpg,170,296,Michael Scott,2,16,163,215
dwight (28).jpg,196,257,Dwight Schrute,79,20,132,75
jim (91).jpg,180,281,Jim Halpert,49,21,148,161
dwight (90).jpg,294,172,Dwight Schrute,69,1,122,48
ryan (53).jpg,288,175,Ryan Howard,63,22,197,175
pam (80).jpg,205,246,Pam Beasley,134,10,167,43
pam (80).jpg,205,246,Pam Beasley,114,131,170,191
jim (29).jpg,299,168,Jim Halpert,98,12,193,120
dwight (69).jpg,183,275,Dwight Schrute,29,22,87,107
pam (96).jpg,226,223,Pam Beasley,3,4,58,63
pam (96).jpg,226,223,Pam Beasley,84,2,122,37
pam (96).jpg,226,223,Pam Beasley,173,9,204,47
pam (96).jpg,226,223,Pam Beasley,15,82,48,124
pam (96).jpg,226,223,Pam Beasley,95,83,126,123
pam (96).jpg,226,223,Pam Beasley,169,78,207,120
pam (96).jpg,226,223,Pam Beasley,12,155,45,186
pam (96).jpg,226,223,Pam Beasley,95,157,131,198
pam (96).jpg,226,223,Pam Beasley,167,159,204,207
ryan (45).jpg,245,185,Ryan Howard,1,19,81,142
michael (5).jpg,290,174,Michael Scott,86,15,163,107
pam (79).jpg,331,152,Pam Beasley,192,11,296,122
michael (49).jpg,318,159,Michael Scott,65,12,171,127
jim (87).jpg,299,168,Jim Halpert,80,5,171,114
ryan (12).jpg,183,275,Ryan Howard,20,48,163,217
jim (68).jpg,295,171,Jim Halpert,108,14,193,108
ryan (13).jpg,214,236,Ryan Howard,70,11,156,110
jim (86).jpg,224,224,Jim Halpert,137,78,218,174
jim (86).jpg,224,224,Pam Beasley,12,17,86,100
jim (69).jpg,284,178,Jim Halpert,147,4,247,119
pam (97).jpg,220,220,Pam Beasley,113,24,199,149
ryan (44).jpg,300,168,Ryan Howard,147,11,250,129
michael (4).jpg,224,224,Michael Scott,46,7,148,128
pam (78).jpg,194,259,Pam Beasley,51,64,108,140
dwight (87).jpg,250,202,Dwight Schrute,7,5,120,155
jim.jpg,301,168,Jim Halpert,57,3,165,127
dwight (68).jpg,194,187,Dwight Schrute,65,34,143,130
ryan (52).jpg,232,218,Ryan Howard,76,24,160,142
pam (81).jpg,230,219,Pam Beasley,63,17,153,120
jim (28).jpg,225,225,Jim Halpert,59,15,180,186
dwight (91).jpg,299,169,Dwight Schrute,43,3,178,142
jim (90).jpg,300,168,Jim Halpert,79,14,134,86
pam (39).jpg,300,168,Pam Beasley,160,16,222,94
dwight (29).jpg,229,220,Dwight Schrute,60,6,167,139
ryan (91).jpg,309,163,Ryan Howard,138,6,215,104
pam (42).jpg,322,156,Pam Beasley,185,4,275,110
michael (25).jpg,348,145,Michael Scott,145,27,250,145
dwight (52).jpg,272,185,Dwight Schrute,146,32,219,119
pam (15).jpg,300,168,Pam Beasley,62,8,183,138
jim (53).jpg,300,168,Jim Halpert,63,5,148,83
ryan (29).jpg,160,160,Ryan Howard,51,5,120,95
jim (45).jpg,300,168,Jim Halpert,158,4,279,135
dwight (13).jpg,263,192,Dwight Schrute,83,6,197,129
ryan (8).jpg,299,168,Ryan Howard,45,7,122,108
pam (54).jpg,128,128,Pam Beasley,29,2,98,76
ryan (87).jpg,311,162,Ryan Howard,182,2,270,102
jim (12).jpg,220,220,Jim Halpert,60,6,200,174
michael (33).jpg,200,200,Michael Scott,39,6,151,122
ryan (68).jpg,275,183,Ryan Howard,57,10,107,71
ryan (68).jpg,275,183,Pam Beasley,180,90,217,130
dwight (44).jpg,298,169,Dwight Schrute,133,5,213,103
dwight (33).jpg,225,225,Dwight Schrute,54,13,158,141
jim (65).jpg,300,168,Jim Halpert,78,7,166,119
pam (23).jpg,290,174,Pam Beasley,35,29,111,112
pam (23).jpg,290,174,Jim Halpert,167,11,265,111
dwight (64).jpg,259,194,Dwight Schrute,128,15,237,158
michael (13).jpg,293,172,Michael Scott,104,9,204,132
ryan (48).jpg,183,275,Ryan Howard,50,25,137,142
pam (74).jpg,297,170,Pam Beasley,69,17,173,120
michael (8).jpg,263,192,Michael Scott,95,12,197,136
jim (32).jpg,259,194,Jim Halpert,130,25,203,117
dwight (72).jpg,297,168,Dwight Schrute,102,15,194,143
jim (24).jpg,299,168,Jim Halpert,148,8,236,108
pam (62).jpg,183,275,Pam Beasley,65,80,108,131
dwight (25).jpg,225,225,Dwight Schrute,38,7,185,201
michael (52).jpg,275,183,Michael Scott,115,9,226,131
pam (35).jpg,300,168,Pam Beasley,63,15,152,103
jim (73).jpg,300,168,Jim Halpert,159,7,236,103
michael (29).jpg,275,183,Michael Scott,98,14,196,133
ryan (72).jpg,213,237,Ryan Howard,63,12,150,110
michael (91).jpg,300,168,Michael Scott,163,57,223,120
pam (19).jpg,194,259,Pam Beasley,58,22,133,112
jim (1).jpg,275,183,Jim Halpert,90,2,205,137
ryan (25).jpg,245,178,Ryan Howard,65,11,113,66
ryan (4).jpg,183,275,Ryan Howard,25,22,152,170
jim (49).jpg,299,168,Jim Halpert,123,15,209,120
michael (87).jpg,299,168,Michael Scott,42,9,168,127
michael (68).jpg,248,203,Michael Scott,68,5,197,165
ryan (33).jpg,225,225,Jim Halpert,25,4,191,198
dwight (48).jpg,300,168,Dwight Schrute,167,14,250,125
dwight (2).jpg,225,225,Dwight Schrute,55,3,176,165
pam (58).jpg,235,215,Pam Beasley,30,4,85,70
pam (58).jpg,235,215,Pam Beasley,147,5,199,72
pam (58).jpg,235,215,Pam Beasley,33,113,84,167
pam (58).jpg,235,215,Pam Beasley,144,111,205,176
ryan (64).jpg,225,225,Ryan Howard,89,44,160,153
dwight (30).jpg,213,237,Dwight Schrute,46,10,111,81
dwight (30).jpg,213,237,Dwight Schrute,43,126,112,198
pam (3).jpg,218,232,Pam Beasley,49,27,150,130
pam (20).jpg,259,194,Pam Beasley,96,20,176,112
jim (66).jpg,218,231,Jim Halpert,70,11,149,104
jim (89).jpg,299,168,Jim Halpert,65,12,149,109
michael (47).jpg,310,163,Michael Scott,95,4,224,147
dwight (67).jpg,277,182,Dwight Schrute,150,15,193,70
dwight (88).jpg,225,225,Dwight Schrute,64,10,188,189
jim (31).jpg,296,170,Jim Halpert,175,8,262,113
pam (77).jpg,202,249,Pam Beasley,48,19,176,179
pam (98).jpg,299,168,Pam Beasley,119,18,173,77
michael (10).jpg,290,174,Michael Scott,66,11,151,109
dwight (71).jpg,194,260,Dwight Schrute,54,14,129,99
pam (61).jpg,220,204,Pam Beasley,1,15,79,130
jim (27).jpg,290,174,Jim Halpert,132,11,198,85
dwight (26).jpg,219,230,Dwight Schrute,53,7,162,151
jim (70).jpg,225,225,Jim Halpert,81,21,166,121
pam (36).jpg,183,275,Pam Beasley,53,20,109,94
michael (51).jpg,300,168,Michael Scott,157,8,239,98
jim (2).jpg,225,225,Jim Halpert,50,10,188,163
ryan (26).jpg,259,194,Ryan Howard,63,7,170,163
michael (92).jpg,299,168,Michael Scott,55,11,105,71
ryan (7).jpg,300,168,Ryan Howard,161,16,245,125
ryan (30).jpg,300,167,Ryan Howard,110,12,186,104
michael (84).jpg,282,178,Michael Scott,141,11,224,95
ryan (67).jpg,245,135,Ryan Howard,148,4,191,54
dwight (1).jpg,194,259,Dwight Schrute,63,13,134,100
ryan (88).jpg,300,168,Ryan Howard,183,13,270,109
ryan (10).jpg,203,248,Ryan Howard,46,14,174,179
jim (85).jpg,278,181,Jim Halpert,95,2,152,61
michael (7).jpg,299,168,Michael Scott,82,8,180,132
ryan (47).jpg,299,169,Ryan Howard,91,12,158,81
pam (94).jpg,300,168,Pam Beasley,140,25,214,107
dwight (84).jpg,214,236,Dwight Schrute,64,25,197,202
pam (82).jpg,303,166,Pam Beasley,175,13,214,49
pam (82).jpg,303,166,Pam Beasley,174,87,242,151
pam (82).jpg,303,166,Jim Halpert,109,6,134,30
pam (82).jpg,303,166,Jim Halpert,96,85,130,116
ryan (51).jpg,299,168,Ryan Howard,44,6,147,123
dwight (92).jpg,274,184,Dwight Schrute,78,19,165,116
jim (93).jpg,257,196,Jim Halpert,56,1,223,181
michael (26).jpg,299,168,Michael Scott,170,90,230,154
pam (41).jpg,292,173,Pam Beasley,154,14,254,133
ryan (92).jpg,187,270,Ryan Howard,43,29,136,121
dwight (51).jpg,275,183,Dwight Schrute,114,5,188,100
michael (71).jpg,207,243,Michael Scott,75,11,147,96
jim (50).jpg,183,275,Jim Halpert,43,17,153,155
pam (16).jpg,259,194,Pam Beasley,100,19,145,59
michael (67).jpg,318,158,Michael Scott,82,3,223,122
michael (88).jpg,301,167,Michael Scott,116,10,187,96
jim (46).jpg,276,182,Jim Halpert,101,3,172,85
dwight (10).jpg,225,225,Dwight Schrute,25,3,196,186
michael (30).jpg,299,168,Michael Scott,109,7,173,68
ryan (84).jpg,337,149,Ryan Howard,178,16,237,112
jim (11).jpg,318,159,Jim Halpert,162,4,268,123
pam (57).jpg,303,167,Pam Beasley,173,20,243,120
dwight (47).jpg,295,171,Dwight Schrute,60,3,183,126
dwight (46).jpg,211,239,Dwight Schrute,9,6,92,98
michael (31).jpg,318,159,Michael Scott,18,5,155,154
michael (31).jpg,318,159,Michael Scott,170,6,233,74
jim (10).jpg,300,168,Jim Halpert,121,15,211,132
ryan (85).jpg,183,275,Ryan Howard,27,32,58,65
ryan (85).jpg,183,275,Pam Beasley,114,112,141,150
pam (56).jpg,275,183,Pam Beasley,112,35,158,88
dwight (11).jpg,290,174,Dwight Schrute,126,3,263,124
michael (66).jpg,275,183,Michael Scott,118,9,202,112
michael (89).jpg,210,210,Michael Scott,74,25,155,122
jim (47).jpg,300,168,Jim Halpert,137,19,236,129
michael (70).jpg,318,159,Michael Scott,163,16,223,89
jim (51).jpg,297,170,Jim Halpert,54,7,173,133
pam (17).jpg,259,194,Pam Beasley,78,14,138,79
dwight (50).jpg,190,265,Dwight Schrute,58,36,135,136
michael (27).jpg,372,135,Michael Scott,242,4,289,60
pam (40).jpg,249,202,Pam Beasley,28,13,175,147
ryan (93).jpg,285,177,Ryan Howard,17,9,110,110
ryan (93).jpg,285,177,Ryan Howard,168,9,260,120
jim (92).jpg,225,225,Jim Halpert,79,4,153,78
dwight (93).jpg,183,275,Dwight Schrute,35,23,129,154
pam (83).jpg,300,168,Jim Halpert,195,12,300,139
pam (83).jpg,300,168,Pam Beasley,3,35,88,138
ryan (50).jpg,275,183,Ryan Howard,42,9,88,71
ryan (50).jpg,275,183,Ryan Howard,160,8,230,99
dwight (85).jpg,280,180,Dwight Schrute,180,12,231,67
michael (6).jpg,275,183,Michael Scott,119,10,212,114
ryan (46).jpg,260,194,Ryan Howard,87,20,212,161
pam (95).jpg,225,225,Pam Beasley,44,33,109,119
jim (84).jpg,300,168,Jim Halpert,60,5,168,120
ryan (11).jpg,312,162,Ryan Howard,162,4,287,139
ryan (66).jpg,275,183,Ryan Howard,175,23,223,68
ryan (66).jpg,275,183,Dwight Schrute,77,9,122,57
ryan (89).jpg,275,183,Ryan Howard,190,38,225,75
ryan (89).jpg,275,183,Jim Halpert,120,19,153,56
ryan (31).jpg,298,169,Ryan Howard,24,9,101,120
ryan (31).jpg,298,169,Michael Scott,184,9,275,125
michael (85).jpg,184,274,Michael Scott,2,7,184,243
ryan (6).jpg,300,168,Ryan Howard,137,20,199,96
ryan (27).jpg,216,165,Ryan Howard,98,13,143,72
jim (3).jpg,225,225,Jim Halpert,32,5,197,199
ryan (100).jpg,299,168,Ryan Howard,103,24,194,119
ryan (70).jpg,341,148,Ryan Howard,63,1,129,68
jim (71).jpg,318,159,Jim Halpert,83,1,201,137
pam (37).jpg,305,165,Pam Beasley,162,14,255,117
pam.jpg,302,167,Pam Beasley,130,9,211,107
michael (50).jpg,274,184,Michael Scott,88,13,162,102
dwight (27).jpg,276,183,Dwight Schrute,102,5,178,113
pam (60).jpg,191,263,Pam Beasley,102,64,178,165
jim (26).jpg,225,225,Jim Halpert,67,20,158,138
dwight (70).jpg,224,224,Dwight Schrute,93,19,181,119
jim (30).jpg,300,168,Jim Halpert,137,6,214,97
pam (76).jpg,194,259,Pam Beasley,56,11,96,52
pam (99).jpg,194,259,Pam Beasley,38,31,151,176
michael (11).jpg,246,205,Michael Scott,47,16,158,151
dwight (66).jpg,245,175,Dwight Schrute,96,1,233,145
dwight (89).jpg,275,183,Dwight Schrute,94,11,192,126
pam (21).jpg,300,168,Pam Beasley,41,12,124,108
jim (67).jpg,225,225,Jim Halpert,33,14,152,122
jim (88).jpg,275,183,Jim Halpert,105,4,230,155
michael (46).jpg,211,239,Michael Scott,107,5,172,63
michael (46).jpg,211,239,Michael Scott,110,125,172,184
dwight (31).jpg,273,184,Dwight Schrute,2,5,133,158
pam (2).jpg,248,203,Pam Beasley,94,15,146,80
ryan (16).jpg,259,194,Ryan Howard,70,37,125,100
jim (83).jpg,241,209,Jim Halpert,102,9,181,104
pam (9).jpg,186,271,Pam Beasley,29,14,137,144
michael (1).jpg,170,243,Michael Scott,14,10,100,107
pam (92).jpg,275,183,Pam Beasley,38,71,88,140
pam (92).jpg,275,183,Jim Halpert,160,18,240,113
ryan (41).jpg,192,262,Ryan Howard,28,10,162,193
dwight (82).jpg,183,275,Dwight Schrute,101,64,161,148
ryan (57).jpg,232,218,Ryan Howard,102,7,172,98
pam (84).jpg,300,168,Pam Beasley,190,29,252,105
pam (84).jpg,300,168,Jim Halpert,72,7,139,94
dwight (94).jpg,300,168,Dwight Schrute,152,6,201,66
jim (95).jpg,300,168,Jim Halpert,61,9,148,102
michael (100).jpg,191,264,Michael Scott,42,28,161,170
michael (20).jpg,277,182,Michael Scott,107,10,181,96
ryan (94).jpg,225,225,Ryan Howard,45,21,192,206
pam (47).jpg,191,264,Pam Beasley,85,57,131,109
dwight (57).jpg,259,194,Dwight Schrute,37,15,137,140
jim (8).jpg,303,166,Jim Halpert,97,5,218,119
pam (10).jpg,194,259,Pam Beasley,47,23,108,93
jim (56).jpg,300,168,Jim Halpert,44,9,176,158
michael (98).jpg,308,163,Michael Scott,71,49,114,108
michael (98).jpg,308,163,Jim Halpert,192,2,259,69
michael (61).jpg,308,164,Michael Scott,129,12,190,91
jim (40).jpg,201,251,Jim Halpert,10,3,200,250
michael.jpg,211,239,Michael Scott,71,17,141,107
dwight (16).jpg,276,183,Dwight Schrute,88,3,254,181
michael (36).jpg,276,183,Michael Scott,102,14,177,97
pam (51).jpg,184,273,Pam Beasley,32,12,162,205
ryan (82).jpg,220,220,Ryan Howard,35,20,148,158
jim (17).jpg,300,168,Jim Halpert,113,5,237,126
dwight (41).jpg,282,179,Dwight Schrute,50,7,104,70
dwight (41).jpg,282,179,Dwight Schrute,180,9,252,101
jim (100).jpg,225,225,Jim Halpert,36,5,143,145
pam (5).jpg,246,138,Pam Beasley,39,2,159,121
dwight (36).jpg,293,172,Dwight Schrute,127,9,186,70
jim (60).jpg,290,174,Jim Halpert,146,4,212,69
pam (26).jpg,200,150,Pam Beasley,41,4,157,125
michael (41).jpg,318,159,Michael Scott,94,6,168,85
dwight (61).jpg,188,268,Dwight Schrute,37,13,160,190
pam (100).jpg,259,194,Pam Beasley,112,6,234,153
pam (71).jpg,249,202,Pam Beasley,71,5,157,143
jim (37).jpg,299,168,Jim Halpert,160,9,261,123
michael (16).jpg,300,168,Michael Scott,154,9,240,107
dwight (77).jpg,259,194,Dwight Schrute,137,29,215,126
dwight (98).jpg,300,168,Dwight Schrute,153,11,222,109
jim (21).jpg,324,156,Jim Halpert,118,5,186,73
pam (67).jpg,303,166,Pam Beasley,147,7,254,127
pam (88).jpg,310,163,Pam Beasley,183,18,240,86
dwight (20).jpg,296,170,Dwight Schrute,140,12,241,118
pam (30).jpg,301,168,Pam Beasley,156,13,228,90
jim (76).jpg,314,161,Jim Halpert,61,11,175,148
michael (57).jpg,281,179,Michael Scott,44,3,188,164
jim (99).jpg,243,208,Jim Halpert,19,30,104,116
ryan (77).jpg,236,143,Ryan Howard,94,3,165,85
ryan (98).jpg,180,225,Ryan Howard,59,13,110,61
jim (4).jpg,270,187,Jim Halpert,82,28,156,105
ryan (20).jpg,174,260,Ryan Howard,44,25,111,104
michael (94).jpg,168,210,Michael Scott,38,20,144,142
ryan (1).jpg,211,181,Ryan Howard,68,19,118,88
ryan (36).jpg,245,138,Ryan Howard,68,1,124,60
michael (82).jpg,300,168,Michael Scott,95,13,136,52
ryan (61).jpg,275,183,Ryan Howard,73,4,133,79
dwight (7).jpg,300,168,Dwight Schrute,121,3,245,138
ryan (60).jpg,318,159,Ryan Howard,164,7,273,133
dwight (6).jpg,300,168,Dwight Schrute,29,3,136,140
ryan (37).jpg,275,183,Ryan Howard,52,33,136,149
michael (83).jpg,225,225,Michael Scott,84,103,149,174
ryan (21).jpg,180,162,Ryan Howard,32,6,136,130
jim (5).jpg,194,259,Jim Halpert,93,26,145,79
ryan (76).jpg,225,225,Ryan Howard,75,7,174,134
ryan (99).jpg,259,194,Ryan Howard,141,59,196,113
pam (31).jpg,300,168,Pam Beasley,179,8,250,91
jim (77).jpg,225,225,Michael Scott,43,30,181,201
michael (56).jpg,224,224,Michael Scott,43,14,173,199
jim (98).jpg,272,160,Jim Halpert,65,8,144,99
dwight (21).jpg,225,225,Dwight Schrute,37,18,187,209
jim (20).jpg,276,183,Jim Halpert,98,19,205,162
pam (66).jpg,326,155,Pam Beasley,83,6,176,109
pam (89).jpg,187,269,Pam Beasley,15,8,163,208
dwight (76).jpg,225,225,Dwight Schrute,82,2,147,79
pam (70).jpg,128,128,Pam Beasley,28,6,98,91
jim (36).jpg,225,225,Jim Halpert,47,18,151,160
michael (17).jpg,301,167,Michael Scott,141,3,262,141
jim (61).jpg,188,268,Jim Halpert,31,20,134,134
pam (27).jpg,275,183,Pam Beasley,96,24,181,114
michael (40).jpg,228,221,Michael Scott,37,6,93,75
michael (40).jpg,228,221,Michael Scott,150,2,206,75
michael (40).jpg,228,221,Michael Scott,38,109,90,185
michael (40).jpg,228,221,Michael Scott,175,113,226,182
pam (4).jpg,318,159,Pam Beasley,73,8,194,134
dwight (37).jpg,261,193,Dwight Schrute,117,7,238,127
dwight (40).jpg,282,179,Dwight Schrute,111,13,178,75
michael (37).jpg,233,216,Michael Scott,118,4,233,162
pam (50).jpg,360,140,Pam Beasley,67,3,194,134
jim (16).jpg,300,168,Jim Halpert,141,5,243,109
ryan (83).jpg,236,133,Ryan Howard,33,5,95,83
dwight (17).jpg,225,225,Dwight Schrute,51,6,200,205
michael (60).jpg,252,200,Michael Scott,84,2,168,107
jim (41).jpg,321,157,Jim Halpert,171,4,260,105
michael (76).jpg,290,174,Michael Scott,59,11,159,137
jim (9).jpg,275,183,Jim Halpert,105,19,177,103
pam (11).jpg,259,194,Pam Beasley,86,21,157,105
jim (57).jpg,299,168,Jim Halpert,146,9,239,107
michael (99).jpg,323,156,Michael Scott,38,13,130,108
dwight (56).jpg,210,210,Dwight Schrute,56,24,147,131
michael (21).jpg,298,169,Michael Scott,144,11,225,112
ryan (95).jpg,307,164,Ryan Howard,149,3,203,62
pam (46).jpg,225,225,Pam Beasley,57,24,158,168
jim (94).jpg,194,259,Jim Halpert,50,10,116,86
dwight (95).jpg,300,168,Dwight Schrute,103,2,291,156
ryan (56).jpg,299,168,Ryan Howard,149,20,221,112
pam (85).jpg,310,162,Jim Halpert,140,8,228,111
pam (85).jpg,310,162,Pam Beasley,36,41,115,130
dwight (83).jpg,300,168,Dwight Schrute,153,8,242,112
pam (93).jpg,200,150,Pam Beasley,89,9,195,128
ryan (40).jpg,318,159,Ryan Howard,69,12,130,90
ryan (40).jpg,318,159,Michael Scott,201,13,279,99
pam (8).jpg,259,194,Pam Beasley,86,22,200,154
jim (82).jpg,300,168,Jim Halpert,149,16,229,105
ryan (17).jpg,281,158,Ryan Howard,143,7,233,121
